Workbook

Sheet Sheet2
A1: Item ID | B1: Item Name | C1: Category | D1: Type | E1: SKU | F1: Quantity | G1: Unit | H1: Unit Cost | I1: Total Value | J1: Location | K1: Status
A2: WH-0001 | B2: Industrial Pallet Jack | C2: Equipment | D2: Manual Handling | E2: SKU-EQ-1001 | F2: 24 | G2: Each | H2: 850 | I2: =F2*H2 -> 20400 | J2: Zone A - Rack 1 | K2: In Stock
A3: WH-0002 | B3: Stretch Wrap Film | C3: Packaging | D3: Consumable | E3: SKU-PK-2001 | F3: 1200 | G3: Rolls | H3: 12.5 | I3: =F3*H3 -> 15000 | J3: Zone B - Shelf 3 | K3: In Stock
A4: WH-0003 | B4: Heavy-Duty Shelving Unit | C4: Equipment | D4: Storage | E4: SKU-EQ-1002 | F4: 85 | G4: Each | H4: 320 | I4: =F4*H4 -> 27200 | J4: Zone A - Rack 2 | K4: In Stock
A5: WH-0004 | B5: Corrugated Cardboard Box (Large) | C5: Packaging | D5: Consumable | E5: SKU-PK-2002 | F5: 5400 | G5: Units | H5: 1.8 | I5: =F5*H5 -> 9720 | J5: Zone C - Shelf 1 | K5: In Stock
A6: WH-0005 | B6: Forklift Propane Tank | C6: Equipment | D6: Fuel | E6: SKU-EQ-1003 | F6: 18 | G6: Each | H6: 95 | I6: =F6*H6 -> 1710 | J6: Zone F - Storage | K6: Low Stock
A7: WH-0006 | B7: Bubble Wrap Roll | C7: Packaging | D7: Consumable | E7: SKU-PK-2003 | F7: 340 | G7: Rolls | H7: 22 | I7: =F7*H7 -> 7480 | J7: Zone B - Shelf 4 | K7: In Stock
A8: WH-0007 | B8: Safety Gloves (Medium) | C8: Safety | D8: PPE | E8: SKU-SF-3001 | F8: 620 | G8: Pairs | H8: 4.75 | I8: =F8*H8 -> 2945 | J8: Zone D - Cabinet 1 | K8: In Stock
A9: WH-0008 | B9: Barcode Scanner (Handheld) | C9: Technology | D9: Electronics | E9: SKU-TK-4001 | F9: 32 | G9: Each | H9: 275 | I9: =F9*H9 -> 8800 | J9: Zone E - Cabinet 2 | K9: In Stock
A10: WH-0009 | B10: Industrial Tape Dispenser | C10: Packaging | D10: Tool | E10: SKU-PK-2004 | F10: 47 | G10: Each | H10: 38 | I10: =F10*H10 -> 1786 | J10: Zone B - Shelf 2 | K10: In Stock
A11: WH-0010 | B11: Steel Toe Safety Boots (Size 10) | C11: Safety | D11: PPE | E11: SKU-SF-3002 | F11: 55 | G11: Pairs | H11: 89 | I11: =F11*H11 -> 4895 | J11: Zone D - Cabinet 2 | K11: Low Stock
A12: WH-0011 | B12: Warehouse Label Printer | C12: Technology | D12: Electronics | E12: SKU-TK-4002 | F12: 14 | G12: Each | H12: 425 | I12: =F12*H12 -> 5950 | J12: Zone E - Rack 1 | K12: In Stock
A13: WH-0012 | B13: Packing Peanuts (Bulk Bag) | C13: Packaging | D13: Consumable | E13: SKU-PK-2005 | F13: 890 | G13: Bags | H13: 8.2 | I13: =F13*H13 -> 7298 | J13: Zone C - Shelf 2 | K13: In Stock
... A38: WH-0037 | B38: Plastic Storage Bin (XL) | C38: Equipment | D38: Storage | E38: SKU-EQ-1013 | F38: 740 | G38: Each | H38: 18.5 | I38: =F38*H38 -> 13690 | J38: Zone A - Rack 4 | K38: In Stock
B39: TOTALS | F39: =SUM(F2:F38) -> 55525 | I39: =SUM(I2:I38) -> 421925

Sheet Dashboard
A1: 🏭 WAREHOUSE INVENTORY DASHBOARD
A2: Live summary — linked to Sheet2 inventory data
B4: TOTAL ITEMS | D4: TOTAL QTY | F4: TOTAL VALUE
B5: =COUNTA(Sheet2!A2:A38) -> 37 | D5: =Sheet2!F39 -> 55525 | F5: =Sheet2!I39 -> 421925
B7: LOW STOCK | D7: CATEGORIES | F7: AVG UNIT COST
B8: =COUNTIF(Sheet2!K2:K38,"Low Stock") -> 4 | D8: {=SUMPRODUCT(1/COUNTIF(Sheet2!C2:C38,Sheet2!C2:C38))} -> 5 | F8: =AVERAGE(Sheet2!H2:H38) -> 466.57405
B10: Category | C10: # Items | D10: Total Qty | E10: Total Value | F10: % of Value | H10: Category | I10: Total Value
B11: Equipment | C11: =COUNTIF(Sheet2!C2:C38,"Equipment") -> 13 | D11: =SUMIF(Sheet2!C2:C38,"Equipment",Sheet2!F2:F38) -> 7468 | E11: =SUMIF(Sheet2!C2:C38,"Equipment",Sheet2!I2:I38) -> 265648 | F11: =E11/Sheet2!I39 -> 0.62960953 | H11: =B11 -> Equipment | I11: =E11 -> 265648
B12: Packaging | C12: =COUNTIF(Sheet2!C2:C38,"Packaging") -> 8 | D12: =SUMIF(Sheet2!C2:C38,"Packaging",Sheet2!F2:F38) -> 44877 | E12: =SUMIF(Sheet2!C2:C38,"Packaging",Sheet2!I2:I38) -> 62194 | F12: =E12/Sheet2!I39 -> 0.14740534 | H12: =B12 -> Packaging | I12: =E12 -> 62194
B13: Safety | C13: =COUNTIF(Sheet2!C2:C38,"Safety") -> 8 | D13: =SUMIF(Sheet2!C2:C38,"Safety",Sheet2!F2:F38) -> 2745 | E13: =SUMIF(Sheet2!C2:C38,"Safety",Sheet2!I2:I38) -> 39335 | F13: =E13/Sheet2!I39 -> 0.093227469 | H13: =B13 -> Safety | I13: =E13 -> 39335
B14: Technology | C14: =COUNTIF(Sheet2!C2:C38,"Technology") -> 5 | D14: =SUMIF(Sheet2!C2:C38,"Technology",Sheet2!F2:F38) -> 156 | E14: =SUMIF(Sheet2!C2:C38,"Technology",Sheet2!I2:I38) -> 44040 | F14: =E14/Sheet2!I39 -> 0.10437874 | H14: =B14 -> Technology | I14: =E14 -> 44040
B15: Maintenance | C15: =COUNTIF(Sheet2!C2:C38,"Maintenance") -> 3 | D15: =SUMIF(Sheet2!C2:C38,"Maintenance",Sheet2!F2:F38) -> 279 | E15: =SUMIF(Sheet2!C2:C38,"Maintenance",Sheet2!I2:I38) -> 10708 | F15: =E15/Sheet2!I39 -> 0.025378918 | H15: =B15 -> Maintenance | I15: =E15 -> 10708
B16: TOTAL | C16: =SUM(C11:C15) -> 37 | D16: =SUM(D11:D15) -> 55525 | E16: =SUM(E11:E15) -> 421925 | F16: 1
B18: 🏆 Most Valuable: | C18: =INDEX(Sheet2!B2:B38,MATCH(MAX(Sheet2!I2:I38),Sheet2!I2:I38,0))&" ($"&TEXT(MAX(Sheet2!I2:I38),"#,##0")&")" -> Pallet (Wood Standard) ($57,000)

Sheet Analysis
A1: Category | B1: Item Count | C1: Total Qty | D1: Total Value | E1: Avg Unit Cost
A2: Equipment | B2: 14 | C2: 7528 | D2: 271648 | E2: 984.07
A3: Packaging | B3: 8 | C3: 44877 | D3: 62194 | E3: 8.51
A4: Safety | B4: 8 | C4: 2745 | D4: 39335 | E4: 144.18
A5: Technology | B5: 5 | C5: 156 | D5: 44040 | E5: 466
A6: Maintenance | B6: 3 | C6: 279 | D6: 10708 | E6: 44.67
A7: TOTALS | B7: 38 | C7: 55585 | D7: 427925
